Workbook
Name defect: [1]Validation!$C$1:$C$6
Name Status: #N/A
Name statuslist: [1]Validation!$A$1:$A$9

Sheet Version Control
C4: Document Information
C5: Title | D5: Test Execution Log
C6: Title | D6: March Release
C7: Release Identifier | D7: RLSE0010182, RLSE0010184
C8: Author
C10: Document Version History
C11: Version | D11: Date | E11: Summary of Changes
C12: 0.1 | D12: 46056 | E12: Draft RLSE0010182
C13: 0.2 | D13: 46058 | E13: Working Copy - RLSE0010184 added
C14: 0.3 | D14: 46065 | E14: Post peer review
C15: 0.4 | D15: 46094 | E15: Post MoJ Test Assurance review
C18: Test Evidence Repository
C19: Test Execution Evidence is stored at this link
C21: Scope of Release
C22: This release implements a Servicenow upgrade
C23: Defect/Story ID | D23: Type | E23: Details

Sheet Summary
E2: Phase 6 DASHBOARD | R2: Variations DASHBOARD | AF2: OVERALL DASHBOARD
B4: Execution Progress | O4: Execution Progress | AC4: Execution Progress
B5: Steps Completed | C5: =SUM('[1]Phase 6'!K9:K150) -> 164 | O5: Steps Completed | P5: =SUM([1]Variations!F2:F41) -> 95 | AC5: Steps Completed | AD5: =SUM([1]OVERALL!F2:F82) -> 0
B6: Steps Remaining | C6: =C7-C5 -> 0 | O6: Steps Remaining | P6: =SUM(P7-P5) -> 0 | AC6: Steps Remaining | AD6: =SUM(AD7-AD5) -> 0
B7: Total Steps | C7: =SUM('[1]Phase 6'!J9:J150) -> 164 | O7: Total Steps | P7: =SUM([1]Variations!E2:E41) -> 95 | AC7: Total Steps | AD7: =SUM([1]OVERALL!E2:E82) -> 0
B9: % Complete | C9: =C5/C7 -> 1 | O9: % Complete | P9: =P5/P7 -> 1 | AC9: % Complete | AD9: =AD5/AD7 -> #DIV/0!
B11: Script Status | O11: Script Status | AC11: Script Status
B12: Pass | C12: =COUNTIF('[1]Phase 6'!$L$2:$L$148,Summary!B12) -> 23 | D12: =C12/$C$19 -> 1 | O12: Pass | P12: =COUNTIF([1]Variations!$G$2:$G$148,Summary!O12) -> 19 | Q12: =P12/$P$19 -> 1 | AC12: Pass | AD12: =COUNTIF([1]OVERALL!$G$2:$G$150,Summary!AC12) -> 0 | AE12: =AD12/$AD$19 -> #DIV/0!
B13: Fail | C13: =COUNTIF('[1]Phase 6'!$L$2:$L$148,Summary!B13) -> 0 | D13: =C13/$C$19 -> 0 | O13: Fail | P13: =COUNTIF([1]Variations!$G$2:$G$148,Summary!O13) -> 0 | Q13: =P13/$P$19 -> 0 | AC13: Fail | AD13: =COUNTIF([1]OVERALL!$G$2:$G$150,Summary!AC13) -> 0 | AE13: =AD13/$AD$19 -> #DIV/0!
B14: No Run | C14: =COUNTIF('[1]Phase 6'!$L$2:$L$148,Summary!B14) -> 0 | D14: =C14/$C$19 -> 0 | O14: No Run | P14: =COUNTIF([1]Variations!$G$2:$G$148,Summary!O14) -> 0 | Q14: =P14/$P$19 -> 0 | AC14: No Run | AD14: =COUNTIF([1]OVERALL!$G$2:$G$150,Summary!AC14) -> 0 | AE14: =AD14/$AD$19 -> #DIV/0!
B15: Not Completed | C15: =COUNTIF('[1]Phase 6'!$L$2:$L$148,Summary!B15) -> 0 | D15: =C15/$C$19 -> 0 | O15: Not Completed | P15: =COUNTIF([1]Variations!$G$2:$G$148,Summary!O15) -> 0 | Q15: =P15/$P$19 -> 0 | AC15: Not Completed | AD15: =COUNTIF([1]OVERALL!$G$2:$G$150,Summary!AC15) -> 0 | AE15: =AD15/$AD$19 -> #DIV/0!
B16: In Progress | C16: =COUNTIF('[1]Phase 6'!$L$2:$L$148,Summary!B16) -> 0 | D16: =C16/$C$19 -> 0 | O16: In Progress | P16: =COUNTIF([1]Variations!$G$2:$G$148,Summary!O16) -> 0 | Q16: =P16/$P$19 -> 0 | AC16: In Progress | AD16: =COUNTIF([1]OVERALL!$G$2:$G$150,Summary!AC16) -> 0 | AE16: =AD16/$AD$19 -> #DIV/0!
B17: Out of Scope | C17: =COUNTIF('[1]Phase 6'!$L$2:$L$148,Summary!B17) -> 0 | D17: =C17/$C$19 -> 0 | O17: Out of Scope | P17: =COUNTIF([1]Variations!$G$2:$G$148,Summary!O17) -> 0 | Q17: =P17/$P$19 -> 0 | AC17: Out of Scope | AD17: =COUNTIF([1]OVERALL!$G$2:$G$150,Summary!AC17) -> 0 | AE17: =AD17/$AD$19 -> #DIV/0!
B18: Not Started | C18: =COUNTIF('[1]Phase 6'!$L$2:$L$148,Summary!B18) -> 0 | D18: =C18/$C$19 -> 0 | O18: Not Started | P18: =COUNTIF([1]Variations!$G$2:$G$148,Summary!O18) -> 0 | Q18: =P18/$P$19 -> 0 | AC18: Not Started | AD18: =COUNTIF([1]OVERALL!$G$2:$G$150,Summary!AC18) -> 0 | AE18: =AD18/$AD$19 -> #DIV/0!
B19: TOTAL | C19: =SUM(C12:C18) -> 23 | O19: TOTAL | P19: =SUM(P12:P18) -> 19 | AC19: TOTAL | AD19: =SUM(AD12:AD18) -> 0
E23: Acquisitive Crime DASHBOARD | Q23: Phase 7 DASHBOARD
B25: Execution Progress | O25: Execution Progress
B26: Steps Completed | C26: =SUM('[1]Acquisitive Crime'!K2:K59) -> 125 | O26: Steps Completed | P26: =SUM('[1]Phase 7'!K2:K100) -> 122
B27: Steps Remaining | C27: =SUM(C28-C26) -> 0 | O27: Steps Remaining | P27: =P28-P26 -> 0
B28: Total Steps | C28: =SUM('[1]Acquisitive Crime'!J2:J59) -> 125 | O28: Total Steps | P28: =SUM('[1]Phase 7'!J2:J100) -> 122
B30: % Complete | C30: =C26/C28 -> 1 | O30: % Complete | P30: =P26/P28 -> 1
B32: Script Status | O32: Script Status
B33: Pass | C33: =COUNTIF('[1]Acquisitive Crime'!$L$2:$L$149,Summary!B33) -> 13 | D33: =C33/$C$40 -> 1 | O33: Pass | P33: =COUNTIF('[1]Phase 7'!$L$2:$L$113,Summary!O33) -> 11 | Q33: =P33/$P$40 -> 1 | AE33: on you
B34: Fail | C34: =COUNTIF('[1]Acquisitive Crime'!$L$2:$L$149,Summary!B34) -> 0 | D34: =C34/$C$40 -> 0 | O34: Fail | P34: =COUNTIF('[1]Phase 7'!$L$2:$L$113,Summary!O34) -> 0 | Q34: =P34/$P$40 -> 0
B35: No Run | C35: =COUNTIF('[1]Acquisitive Crime'!$L$2:$L$149,Summary!B35) -> 0 | D35: =C35/$C$40 -> 0 | O35: No Run | P35: =COUNTIF('[1]Phase 7'!$L$2:$L$113,Summary!O35) -> 0 | Q35: =P35/$P$40 -> 0
B36: Not Completed | C36: =COUNTIF('[1]Acquisitive Crime'!$L$2:$L$149,Summary!B36) -> 0 | D36: =C36/$C$40 -> 0 | O36: Not Completed | P36: =COUNTIF('[1]Phase 7'!$L$2:$L$113,Summary!O36) -> 0 | Q36: =P36/$P$40 -> 0
B37: In Progress | C37: =COUNTIF('[1]Acquisitive Crime'!$L$2:$L$149,Summary!B37) -> 0 | D37: =C37/$C$40 -> 0 | O37: In Progress | P37: =COUNTIF('[1]Phase 7'!$L$2:$L$113,Summary!O37) -> 0 | Q37: =P37/$P$40 -> 0
B38: Out of Scope | C38: =COUNTIF('[1]Acquisitive Crime'!$L$2:$L$149,Summary!B38) -> 0 | D38: =C38/$C$40 -> 0 | O38: Out of Scope | P38: =COUNTIF('[1]Phase 7'!$L$2:$L$113,Summary!O38) -> 0 | Q38: =P38/$P$40 -> 0
B39: Not Started | C39: =COUNTIF('[1]Acquisitive Crime'!$L$2:$L$149,Summary!B39) -> 0 | D39: =C39/$C$40 -> 0 | O39: Not Started | P39: =COUNTIF('[1]Phase 7'!$L$2:$L$113,Summary!O39) -> 0 | Q39: =P39/$P$40 -> 0
B40: TOTAL | C40: =SUM(C33:C39) -> 13 | O40: TOTAL | P40: =SUM(P33:P39) -> 11

Sheet Phase A
A1: Test ID | B1: Story | C1: Requirements being tested | D1: Pre-Requisites | E1: Test Assurance Steps | F1: Test Assurance Expected Outcome | G1: Test Scenario | H1: Test Steps | I1: Outcome Expected | J1: # of Steps | K1: Completed Steps | L1: Status | M1: Execution Notes | N1: Data notes | O1: Reviewed by | P1: Story
A2: EX01 | B2: STRY1000001 | C2: Verify extraction of single Test IDs from specification | D2: Data seeded; user access configured | E2: 1. Open spec 2. Parse IDs 3. Validate count | F2: EX01 detected and mapped to STRY1000001 | L2: Pass
A3: EX02 | B3: STRY1000001 | C3: Verify continued extraction across adjacent rows | D3: As above | E3: 1. Continue parse 2. Validate sequence | F3: EX02 detected and ordered correctly | L3: Pass
A4: EX03 | B4: STRY1000001 | C4: Verify termination of extraction at section boundary | D4: As above | E4: 1. Detect boundary 2. Stop extraction | F4: No bleed into next section | L4: Pass

Sheet Phase B
A1: Test ID | B1: Story | C1: Requirements being tested | D1: Pre-Requisites | E1: Test Assurance Steps | F1: Test Assurance Expected Outcome | G1: Test Scenario | H1: Test Steps | I1: Outcome Expected | J1: # of Steps | K1: Completed Steps | L1: Status | M1: Execution Notes | N1: Data notes | O1: Reviewed by | P1: Story
A2: EX10 | B2: STRY1000002 | C2: Verify multi-sheet extraction capability | D2: Workbook available | E2: 1. Load workbook 2. Iterate sheets 3. Aggregate IDs | F2: IDs collected from multiple sheets | L2: Pass
A3: EX11 | B3: STRY1000002 | C3: Verify sheet filtering (ignore Summary/Validation) | D3: Workbook includes non-data sheets | E3: 1. Apply filter 2. Skip ignored sheets | F3: Only data sheets processed | L3: Pass
A4: EX12 | B4: STRY1000002 | C4: Verify consistent parsing across sheets | D4: As above | E4: 1. Parse both sheets 2. Compare schemas | F4: Consistent column mapping | L4: Pass
A5: EX20 | B5: STRY1000003 | C5: Verify cross-sheet reuse of Test IDs | D5: As above | E5: 1. Identify duplicates 2. Map to stories | F5: Reuse correctly attributed | L5: Pass
A6: EX21 | B6: STRY1000003 | C6: Verify deduplication rules | D6: As above | E6: 1. Apply dedupe 2. Validate output | F6: No duplicate inflation | L6: Pass

Sheet Defects
A1: Incident / JIRA ref | B1: Test ID | C1: Issue | D1: Description | E1: Category | F1: Impact Rating (H-M-L) | G1: Date Opened | H1: Date Resolved | I1: Target Release Date | J1: Status | K1: Resolution | L1: Notes
A2: 1 | B2: ALL | C2: CEMO MoJ are receiving error messages when trying to send payloads | D2: So far we are only looked at changes to historic orders that previously submitted correctly from prisons and probation. Bing has done an investigation and thinks it is the offence question: • We have changed what we send in this when it is empty which we thought fixed it but looks like that hasn't worked. • We have also tried trying to send it with an offence date and its still failing. | F2: H | G2: 46104 | H2: 46106 | J2: Closed | K2: Fixed by MoJ CEMO team - now working | L2: DFCT0011610
A3: 2 | B3: CEMO610 | C3: Single Offence sent | D3: Committed Offences not updated on Mon Order | F3: H | G3: 46106 | H3: 46132 | J3: Ready for Prod | K3: Single offence retested - now ok | L3: DFCT0011622
A4: 3 | B4: CEMO610 | C4: Both IAS and TAS flags being sent | D4: When requesting an IAS order, CEMO team has sent both IAS and TAS flags when only IAS is needed. CEMO team will fix it on their end | F4: H | G4: 46106 | H4: 46114 | J4: Closed | K4: 01/04 - in progress. Lisa is hoping today 02/04 - retested and now ok | L4: CEMO MoJ Team Issue
A5: 4 | B5: CEMO610 | C5: NO to responsible officer details received | D5: CEMO team at the moment will always send No but this only applies to court orders. Prison orders will need yes. CEMO Team to fix | F5: H | G5: 46106 | H5: 46119 | J5: Closed | K5: 01/04 - in review. should be able to test today 07/04 - retested and now ok | L5: CEMO MoJ Team Issue
A6: 5 | B6: CEMO608 | C6: Unable to receive risk categories and details in CEMO | D6: CEMO team unable to send risk categories and details. CEMO team to fix | F6: H | G6: 46106 | H6: 46111 | J6: Closed | K6: Retested and now ok | L6: CEMO MoJ Team Issue
A7: 6 | C7: Order type for DAPO should be Pre Trial and not sending DAPO in Pilot | D7: gone up to policy team as they were the ones who wanted Civil | F7: H | G7: 46106 | H7: 46122 | J7: Closed | K7: 01/04 - blocked. Lisa is waiting on approval to send as Pretrial or Civil. She understands that the issue with Civil 02/04 - Lisa confirmed will be sending over as Pretrial and should be sending DAPO in pilot 07/04 - sending pre-trial but NO DAPO in pilot field 10/04 - DAPO in pilot field on CEMO MO form now being received | L7: CEMO MoJ Team Issue
A8: 7 | C8: Exclusion zone enforceable condition end date | F8: H | G8: 46106 | H8: 46113 | J8: Closed | K8: 01/04 - not in this sprint but in the next one | L8: CEMO MoJ Team Issue
A9: 8 | B9: CEMO702 | C9: MAPPA category is not reading in SNOW | D9: CEMO selecting Mappa category, however system reads it as Mappa case type and hence SNOW is unable to add the category. CEMO team has found field | F9: H | G9: 30/03/2026 | H9: 46120 | J9: Closed | K9: 01/04 - in progress. should be quick - 07/04 - MOJ team currently working on this, awaiting update 08/04 - restested and now receiving mappa category | L9: CEMO MoJ Team Issue
A10: 9 | B10: CEMO703 | C10: Tag at Source not ticked for install at Immigration removal centre | D10: Selecting "at another address" for install location does not tick the TAS checbox and no date/time for install is provided. This option is used for Install at Immigration removal centres and require a daytime appoitment. CEMO team to fix | F10: H | G10: 30/03/2026 | H10: 46126 | J10: Closed | K10: 01/04 - bundled with IAS and TAS flags - 07/04 - MOJ fixed, retested and now okay | L10: CEMO MoJ Team Issue
A11: 10 | B11: All cases | C11: EMS Case does not update to awaiting validation | D11: fixed in previous phase - added step back in flow | F11: H | G11: 31/03/2026 | H11: 46126 | J11: Closed | K11: 01/04 need to send emails to ML from preprod - requested - This is now corrected and working as expected | L11: DFCT0011639
A12: 11 | B12: All cases | C12: EMS case receied with empty field under "Account" | D12: For both New order and Variations received, Account is empty on the EMS page. Reason is, there is nothing filled in in the "no_name" field | F12: H | G12: 46114 | H12: 46126 | J12: Closed | K12: MOJ has raised a bug ticket for it - 07/04 - MOJ team fixed it, retested and now its okay | L12: CEMO MoJ Team Issue
A13: 12 | B13: CEMOVAR11 CEMOVAR13 | C13: Home Office Variations not restricted to CTC users | D13: Order type = Immigration on both full and partial variation forms | F13: H | G13: 46114 | H13: 46126 | J13: Ready for Prod | K13: 07/04 - Retested and now working as expected | L13: DFCT0011644
A14: 13 | C14: Mon Reqs and Mon Cons for HO are not being flagged as CTC anymore | F14: H | G14: 46120 | H14: 46132 | J14: Ready for Prod | K14: DFCT655 cancelled and added to DFCT635 | L14: DFCT0011655 DFCT0011635
A15: 14 | B15: CEMO702 RETEST | C15: MAPPA not captured correctly | D15: MAPPA Level si reading in SNOW, MAPPA category is not reading in SNOW (screenshots in defects folder) | F15: L | G15: 46120 | J15: Open | K15: TRAINING: workaround will manually update MAPPA category | L15: DFCT0011656
A16: 15 | B16: ALL | C16: PREPROD - CEMO PHASE 6 - Police Organisation | D16: CEMO New Monitoring Order received with Greater Manchester Police Responsible Organisation however Mon was populated with Police | F16: L | G16: 46128 | J16: Open | K16: TRAINING: workaround will manually update mon order | L16: DFCT0011678
A17: 16
A18: 17
A19: 18
A20: 19
A21: 20
A22: 21
A23: 22
A24: 23
A25: 24
A26: 25
A27: 26
A28: 27
... A100: 99
G1048576: 6.1.25
